{
  "custom": {},
  "params": {},
  "props": {
    "defaultSize": {
      "height": 852,
      "width": 1320
    }
  },
  "root": {
    "children": [
      {
        "children": [
          {
            "children": [
              {
                "meta": {
                  "name": "CylindricalTank"
                },
                "position": {
                  "height": 86.03,
                  "rotate": {
                    "anchor": "123% 88%"
                  },
                  "width": 118.01,
                  "x": 223.48,
                  "y": 308.14
                },
                "props": {
                  "liquidColor": "#008000",
                  "value": 45
                },
                "type": "ia.display.cylindrical-tank"
              },
              {
                "meta": {
                  "name": "CylindricalTank_0"
                },
                "position": {
                  "height": 86.03,
                  "rotate": {
                    "anchor": "75% 50%"
                  },
                  "width": 114.05,
                  "x": 223.74,
                  "y": 123.2
                },
                "props": {
                  "liquidColor": "#008000",
                  "value": 29
                },
                "type": "ia.display.cylindrical-tank"
              },
              {
                "meta": {
                  "name": "Label_3"
                },
                "position": {
                  "height": 25,
                  "width": 296,
                  "x": 449.50625,
                  "y": 15.29
                },
                "propConfig": {
                  "props.textStyle.color": {
                    "binding": {
                      "config": {
                        "path": "session.props.theme"
                      },
                      "transforms": [
                        {
                          "fallback": "#000000",
                          "inputType": "scalar",
                          "mappings": [
                            {
                              "input": "light-cool",
                              "output": "#000000"
                            },
                            {
                              "input": "dark",
                              "output": "#FFFFFF"
                            }
                          ],
                          "outputType": "color",
                          "type": "map"
                        }
                      ],
                      "type": "property"
                    }
                  }
                },
                "props": {
                  "text": "Water Pipeline system",
                  "textStyle": {
                    "fontSize": 24,
                    "fontWeight": "bold",
                    "textAlign": "center"
                  }
                },
                "type": "ia.display.label"
              },
              {
                "meta": {
                  "name": "CylindricalTank_1"
                },
                "position": {
                  "height": 80.01,
                  "width": 130.02,
                  "x": 356.14,
                  "y": 535.57
                },
                "props": {
                  "liquidColor": "#E6000F",
                  "value": 88
                },
                "type": "ia.display.cylindrical-tank"
              },
              {
                "meta": {
                  "name": "CylindricalTank_2"
                },
                "position": {
                  "height": 84.98,
                  "width": 126.06,
                  "x": 524.44,
                  "y": 500.85
                },
                "props": {
                  "liquidColor": "#CCFFE9F0",
                  "value": 59
                },
                "type": "ia.display.cylindrical-tank"
              },
              {
                "meta": {
                  "name": "Vessel_3"
                },
                "position": {
                  "height": 129,
                  "width": 118,
                  "x": 24.63116470336914,
                  "y": 209.54115325927734
                },
                "props": {
                  "appearance": "mimic",
                  "orientation": "horizontal",
                  "value": {
                    "value": 29
                  }
                },
                "type": "ia.symbol.vessel"
              },
              {
                "meta": {
                  "name": "Motor"
                },
                "position": {
                  "height": 71,
                  "rotate": {
                    "anchor": "183% 0%"
                  },
                  "width": 153.00000000000006,
                  "x": 437.83,
                  "y": 153.86
                },
                "props": {
                  "animationSpeed": "",
                  "label": {
                    "justify": "auto",
                    "location": "top",
                    "text": "Motor 1"
                  },
                  "state": "running",
                  "value": {
                    "justify": "left"
                  }
                },
                "type": "ia.symbol.motor"
              },
              {
                "meta": {
                  "name": "Valve_4"
                },
                "position": {
                  "height": 64,
                  "width": 121,
                  "x": 884.99,
                  "y": 450.8173294067383
                },
                "props": {
                  "appearance": "simple",
                  "label": {
                    "location": "right"
                  },
                  "state": "open",
                  "value": {},
                  "valve": "left"
                },
                "type": "ia.symbol.valve"
              },
              {
                "meta": {
                  "name": "Table"
                },
                "position": {
                  "height": 181.99999999999997,
                  "rotate": {
                    "anchor": "56% 37%"
                  },
                  "width": 420,
                  "x": 893,
                  "y": 110.59
                },
                "propConfig": {
                  "props.data": {
                    "binding": {
                      "config": {
                        "expression": "now(100000)"
                      },
                      "transforms": [
                        {
                          "code": "\tformatted_date \u003d system.date.format(system.date.now())\n\tdata \u003d [[1, \"Average\", formatted_date]]\n\tx \u003d system.dataset.toDataSet([\u0027RTU\u0027, \u0027Reading\u0027, \u0027Last Received\u0027], data)\n\treturn x",
                          "type": "script"
                        }
                      ],
                      "type": "expr"
                    }
                  }
                },
                "type": "ia.display.table"
              },
              {
                "meta": {
                  "name": "Motor_10"
                },
                "position": {
                  "height": 71,
                  "rotate": {
                    "anchor": "183% 0%"
                  },
                  "width": 153.00000000000006,
                  "x": 558.0946009063721,
                  "y": 110.42734240722656
                },
                "props": {
                  "animationSpeed": "",
                  "label": {
                    "justify": "auto",
                    "location": "top",
                    "text": "Motor 2"
                  },
                  "state": "running",
                  "value": {
                    "justify": "left"
                  }
                },
                "type": "ia.symbol.motor"
              },
              {
                "meta": {
                  "name": "Motor_11"
                },
                "position": {
                  "height": 71,
                  "rotate": {
                    "anchor": "183% 0%"
                  },
                  "width": 153.00000000000006,
                  "x": 699.095,
                  "y": 60.48950000000001
                },
                "props": {
                  "animationSpeed": "",
                  "label": {
                    "justify": "right",
                    "location": "top",
                    "text": "Motor 3"
                  },
                  "state": "running",
                  "value": {
                    "justify": "left"
                  }
                },
                "type": "ia.symbol.motor"
              },
              {
                "meta": {
                  "name": "Motor_12"
                },
                "position": {
                  "height": 71,
                  "rotate": {
                    "anchor": "183% 0%"
                  },
                  "width": 153.00000000000006,
                  "x": 704.095,
                  "y": 189.63877392578124
                },
                "props": {
                  "animationSpeed": "",
                  "label": {
                    "justify": "right",
                    "location": "top",
                    "text": "Motor 4"
                  },
                  "state": "running",
                  "value": {
                    "justify": "left"
                  }
                },
                "type": "ia.symbol.motor"
              },
              {
                "meta": {
                  "name": "Motor_13"
                },
                "position": {
                  "height": 71,
                  "rotate": {
                    "anchor": "183% 0%"
                  },
                  "width": 153.00000000000006,
                  "x": 585.1337392578125,
                  "y": 236.78261303710937
                },
                "props": {
                  "animationSpeed": "",
                  "label": {
                    "justify": "auto",
                    "location": "top",
                    "text": "Motor 5"
                  },
                  "state": "running",
                  "value": {
                    "justify": "left"
                  }
                },
                "type": "ia.symbol.motor"
              },
              {
                "meta": {
                  "name": "Motor_14"
                },
                "position": {
                  "height": 71,
                  "rotate": {
                    "anchor": "183% 0%"
                  },
                  "width": 153.00000000000006,
                  "x": 585.7497392578125,
                  "y": 308.5666130371094
                },
                "props": {
                  "animationSpeed": "",
                  "label": {
                    "justify": "auto",
                    "location": "top",
                    "text": "Motor 6"
                  },
                  "state": "running",
                  "value": {
                    "justify": "left"
                  }
                },
                "type": "ia.symbol.motor"
              },
              {
                "meta": {
                  "name": "Motor_15"
                },
                "position": {
                  "height": 71,
                  "rotate": {
                    "anchor": "183% 0%"
                  },
                  "width": 153.00000000000006,
                  "x": 715.5183522949219,
                  "y": 344.322
                },
                "props": {
                  "animationSpeed": "",
                  "label": {
                    "justify": "right",
                    "location": "top",
                    "text": "Motor 7"
                  },
                  "state": "running",
                  "value": {
                    "justify": "left"
                  }
                },
                "type": "ia.symbol.motor"
              },
              {
                "meta": {
                  "name": "Motor_16"
                },
                "position": {
                  "height": 71,
                  "rotate": {
                    "anchor": "183% 0%"
                  },
                  "width": 153.00000000000006,
                  "x": 704.518,
                  "y": 411.8893294067383
                },
                "props": {
                  "animationSpeed": "",
                  "label": {
                    "justify": "right",
                    "location": "top",
                    "text": "Motor 8"
                  },
                  "state": "running",
                  "value": {
                    "justify": "left"
                  }
                },
                "type": "ia.symbol.motor"
              },
              {
                "meta": {
                  "name": "Motor_17"
                },
                "position": {
                  "height": 71,
                  "rotate": {
                    "anchor": "183% 0%"
                  },
                  "width": 153.00000000000006,
                  "x": 705.518,
                  "y": 557.889
                },
                "props": {
                  "animationSpeed": "",
                  "label": {
                    "justify": "right",
                    "location": "top",
                    "text": "Motor 10"
                  },
                  "state": "running",
                  "value": {
                    "justify": "left"
                  }
                },
                "type": "ia.symbol.motor"
              },
              {
                "meta": {
                  "name": "Valve_5"
                },
                "position": {
                  "height": 46,
                  "width": 106,
                  "x": 577.99,
                  "y": 592.82
                },
                "props": {
                  "appearance": "simple",
                  "label": {
                    "location": "left"
                  },
                  "state": "open",
                  "value": {}
                },
                "type": "ia.symbol.valve"
              },
              {
                "meta": {
                  "name": "Valve_6"
                },
                "position": {
                  "height": 46,
                  "width": 107,
                  "x": 577.99,
                  "y": 639.82
                },
                "props": {
                  "appearance": "simple",
                  "label": {
                    "location": "left"
                  },
                  "state": "open",
                  "value": {}
                },
                "type": "ia.symbol.valve"
              },
              {
                "meta": {
                  "name": "Motor_18"
                },
                "position": {
                  "height": 71,
                  "rotate": {
                    "anchor": "183% 0%"
                  },
                  "width": 153.00000000000006,
                  "x": 585.9807739257812,
                  "y": 385.1827163696289
                },
                "props": {
                  "animationSpeed": "",
                  "label": {
                    "justify": "auto",
                    "location": "top",
                    "text": "Motor 9"
                  },
                  "state": "running",
                  "value": {
                    "justify": "left"
                  }
                },
                "type": "ia.symbol.motor"
              },
              {
                "meta": {
                  "name": "Valve_7"
                },
                "position": {
                  "height": 46,
                  "width": 106,
                  "x": 507.3447739257813,
                  "y": 444.868
                },
                "props": {
                  "appearance": "simple",
                  "label": {
                    "justify": "right",
                    "location": "left"
                  },
                  "state": "open",
                  "value": {}
                },
                "type": "ia.symbol.valve"
              },
              {
                "meta": {
                  "name": "Motor_19"
                },
                "position": {
                  "height": 71,
                  "rotate": {
                    "anchor": "183% 0%"
                  },
                  "width": 153.00000000000006,
                  "x": 187.73170111083985,
                  "y": 537.183
                },
                "props": {
                  "animationSpeed": "",
                  "label": {
                    "justify": "auto",
                    "location": "top",
                    "text": "Motor 11"
                  },
                  "state": "running",
                  "value": {
                    "justify": "left"
                  }
                },
                "type": "ia.symbol.motor"
              },
              {
                "meta": {
                  "name": "Valve_8"
                },
                "position": {
                  "height": 64,
                  "width": 121,
                  "x": 21.98039348144531,
                  "y": 466.817
                },
                "props": {
                  "appearance": "simple",
                  "label": {
                    "justify": "left",
                    "location": "top"
                  },
                  "state": "open",
                  "value": {},
                  "valve": "left"
                },
                "type": "ia.symbol.valve"
              },
              {
                "meta": {
                  "name": "Valve_9"
                },
                "position": {
                  "height": 68,
                  "rotate": {
                    "anchor": "25% 50%"
                  },
                  "width": 137,
                  "x": -31.869999999999997,
                  "y": 537.87
                },
                "props": {
                  "appearance": "simple",
                  "label": {
                    "justify": "right"
                  },
                  "state": "open",
                  "value": {}
                },
                "type": "ia.symbol.valve"
              }
            ],
            "meta": {
              "name": "coordinateContainerMain"
            },
            "position": {
              "basis": "865px",
              "grow": 1
            },
            "props": {
              "pipes": [
                {
                  "appearance": "auto",
                  "end": "arrowInward",
                  "fill": "",
                  "flanges": true,
                  "lineVariant": "solid",
                  "name": "pipe_1",
                  "origin": {
                    "x": 333.04,
                    "y": 381.99
                  },
                  "start": "none",
                  "stroke": "",
                  "visible": true,
                  "width": 10
                },
                {
                  "appearance": "auto",
                  "end": "arrowInward",
                  "fill": "",
                  "flanges": true,
                  "lineVariant": "solid",
                  "name": "pipe_4",
                  "origin": {
                    "connections": [
                      {
                        "connections": [
                          {
                            "x": 552.02,
                            "y": 562.52
                          }
                        ],
                        "x": 505.96,
                        "y": 562.52
                      }
                    ],
                    "x": 469,
                    "y": 562.52
                  },
                  "start": "none",
                  "stroke": "",
                  "visible": true,
                  "width": 10
                },
                {
                  "appearance": "auto",
                  "end": "arrowInward",
                  "fill": "",
                  "flanges": true,
                  "lineVariant": "solid",
                  "name": "pipe_5",
                  "origin": {
                    "x": 12.01,
                    "y": 227.99
                  },
                  "start": "none",
                  "stroke": "",
                  "visible": true,
                  "width": 10
                },
                {
                  "appearance": "auto",
                  "end": "arrowInward",
                  "fill": "",
                  "flanges": true,
                  "lineVariant": "solid",
                  "name": "pipe_9",
                  "origin": {
                    "connections": [
                      {
                        "connections": [],
                        "x": 386.94,
                        "y": 381.99
                      },
                      {
                        "connections": [],
                        "x": 315,
                        "y": 192.96
                      },
                      {
                        "x": 480.27,
                        "y": 193.06
                      }
                    ],
                    "x": 386.94,
                    "y": 193.06
                  },
                  "start": "none",
                  "stroke": "",
                  "visible": true,
                  "width": 10
                },
                {
                  "appearance": "auto",
                  "end": "arrowInward",
                  "fill": "",
                  "flanges": true,
                  "lineVariant": "solid",
                  "name": "pipe_6",
                  "origin": {
                    "connections": [
                      {
                        "x": 394.94,
                        "y": 382
                      }
                    ],
                    "x": 306,
                    "y": 382
                  },
                  "start": "none",
                  "stroke": "",
                  "visible": true,
                  "width": 10
                },
                {
                  "appearance": "auto",
                  "end": "none",
                  "fill": "",
                  "flanges": true,
                  "lineVariant": "solid",
                  "name": "pipe_7",
                  "origin": {
                    "x": 195,
                    "y": 694
                  },
                  "start": "none",
                  "stroke": "",
                  "visible": true,
                  "width": 10
                },
                {
                  "appearance": "auto",
                  "end": "none",
                  "fill": "",
                  "flanges": true,
                  "lineVariant": "solid",
                  "name": "pipe_3",
                  "origin": {
                    "x": 1099,
                    "y": 527
                  },
                  "start": "none",
                  "stroke": "",
                  "visible": true,
                  "width": 10
                },
                {
                  "appearance": "auto",
                  "end": "none",
                  "fill": "",
                  "flanges": true,
                  "lineVariant": "solid",
                  "name": "pipe_10",
                  "origin": {
                    "connections": [
                      {
                        "x": 570.53,
                        "y": 149.73
                      }
                    ],
                    "x": 600.53,
                    "y": 149.73
                  },
                  "start": "none",
                  "stroke": "",
                  "visible": true,
                  "width": 10
                },
                {
                  "appearance": "auto",
                  "end": "none",
                  "fill": "",
                  "flanges": true,
                  "lineVariant": "solid",
                  "name": "pipe_11",
                  "origin": {
                    "connections": [
                      {
                        "x": 831.97,
                        "y": 100.46
                      }
                    ],
                    "x": 808.97,
                    "y": 100.46
                  },
                  "start": "none",
                  "stroke": "",
                  "visible": true,
                  "width": 10
                },
                {
                  "appearance": "auto",
                  "end": "none",
                  "fill": "",
                  "flanges": true,
                  "lineVariant": "solid",
                  "name": "pipe_13",
                  "origin": {
                    "connections": [
                      {
                        "x": 831.97,
                        "y": 229.62
                      }
                    ],
                    "x": 813.97,
                    "y": 229.62
                  },
                  "start": "none",
                  "stroke": "",
                  "visible": true,
                  "width": 10
                },
                {
                  "appearance": "auto",
                  "end": "none",
                  "fill": "",
                  "flanges": true,
                  "lineVariant": "solid",
                  "name": "pipe_14",
                  "origin": {
                    "connections": [
                      {
                        "x": 600.53,
                        "y": 276.09
                      }
                    ],
                    "x": 627.57,
                    "y": 276.09
                  },
                  "start": "none",
                  "stroke": "",
                  "visible": true,
                  "width": 10
                },
                {
                  "appearance": "auto",
                  "end": "none",
                  "fill": "",
                  "flanges": true,
                  "lineVariant": "solid",
                  "name": "pipe_15",
                  "origin": {
                    "connections": [
                      {
                        "x": 600.53,
                        "y": 347.86
                      }
                    ],
                    "x": 628.19,
                    "y": 347.86
                  },
                  "start": "none",
                  "stroke": "",
                  "visible": true,
                  "width": 10
                },
                {
                  "appearance": "auto",
                  "end": "none",
                  "fill": "",
                  "flanges": true,
                  "lineVariant": "solid",
                  "name": "pipe_8",
                  "origin": {
                    "connections": [
                      {
                        "connections": [
                          {
                            "x": 929.46,
                            "y": 459.24
                          }
                        ],
                        "x": 929.46,
                        "y": 384.3
                      }
                    ],
                    "x": 825.39,
                    "y": 384.3
                  },
                  "start": "none",
                  "stroke": "",
                  "visible": true,
                  "width": 10
                },
                {
                  "appearance": "auto",
                  "end": "none",
                  "fill": "",
                  "flanges": true,
                  "lineVariant": "solid",
                  "name": "pipe_0",
                  "origin": {
                    "connections": [
                      {
                        "x": 846.39,
                        "y": 451.87
                      }
                    ],
                    "x": 814.39,
                    "y": 451.87
                  },
                  "start": "none",
                  "stroke": "",
                  "visible": true,
                  "width": 10
                },
                {
                  "appearance": "auto",
                  "end": "none",
                  "fill": "",
                  "flanges": true,
                  "lineVariant": "solid",
                  "name": "pipe_16",
                  "origin": {
                    "connections": [
                      {
                        "connections": [
                          {
                            "x": 671.91,
                            "y": 675.29
                          }
                        ],
                        "x": 929.46,
                        "y": 675.29
                      },
                      {
                        "connections": [],
                        "x": 929.46,
                        "y": 500.85
                      },
                      {
                        "x": 813.97,
                        "y": 596.93
                      }
                    ],
                    "x": 929.46,
                    "y": 596.93
                  },
                  "start": "none",
                  "stroke": "",
                  "visible": true,
                  "width": 10
                },
                {
                  "appearance": "auto",
                  "end": "none",
                  "fill": "",
                  "flanges": true,
                  "lineVariant": "solid",
                  "name": "pipe_17",
                  "origin": {
                    "connections": [
                      {
                        "connections": [
                          {
                            "connections": [
                              {
                                "x": 671.91,
                                "y": 628.21
                              }
                            ],
                            "x": 713.85,
                            "y": 628.21
                          },
                          {
                            "connections": [
                              {
                                "connections": [],
                                "x": 633.86,
                                "y": 516.53
                              },
                              {
                                "connections": [
                                  {
                                    "connections": [
                                      {
                                        "connections": [
                                          {
                                            "x": 746.96,
                                            "y": 451.19
                                          }
                                        ],
                                        "x": 713.85,
                                        "y": 451.19
                                      },
                                      {
                                        "connections": [
                                          {
                                            "connections": [
                                              {
                                                "x": 758.57,
                                                "y": 385.54
                                              },
                                              {
                                                "connections": [
                                                  {
                                                    "x": 695,
                                                    "y": 351.12
                                                  },
                                                  {
                                                    "connections": [
                                                      {
                                                        "connections": [
                                                          {
                                                            "x": 695,
                                                            "y": 277
                                                          },
                                                          {
                                                            "connections": [
                                                              {
                                                                "x": 746.53,
                                                                "y": 227.99
                                                              },
                                                              {
                                                                "connections": [
                                                                  {
                                                                    "connections": [
                                                                      {
                                                                        "connections": [
                                                                          {
                                                                            "x": 741.53,
                                                                            "y": 100.46
                                                                          }
                                                                        ],
                                                                        "x": 713.85,
                                                                        "y": 100.46
                                                                      },
                                                                      {
                                                                        "x": 667.12,
                                                                        "y": 150.4
                                                                      }
                                                                    ],
                                                                    "x": 713.85,
                                                                    "y": 150.4
                                                                  },
                                                                  {
                                                                    "connections": [],
                                                                    "x": 547.7,
                                                                    "y": 193.84
                                                                  }
                                                                ],
                                                                "x": 713.85,
                                                                "y": 193.84
                                                              }
                                                            ],
                                                            "x": 713.85,
                                                            "y": 227.99
                                                          }
                                                        ],
                                                        "x": 713.85,
                                                        "y": 277
                                                      }
                                                    ],
                                                    "x": 713.85,
                                                    "y": 308.14
                                                  }
                                                ],
                                                "x": 713.85,
                                                "y": 351.12
                                              }
                                            ],
                                            "x": 713.85,
                                            "y": 385.54
                                          },
                                          {
                                            "x": 695,
                                            "y": 424.35
                                          }
                                        ],
                                        "x": 713.85,
                                        "y": 424.35
                                      }
                                    ],
                                    "x": 713.85,
                                    "y": 433.66
                                  },
                                  {
                                    "x": 604.02,
                                    "y": 482.21
                                  }
                                ],
                                "x": 713.85,
                                "y": 482.21
                              }
                            ],
                            "x": 713.85,
                            "y": 516.53
                          }
                        ],
                        "x": 713.85,
                        "y": 597.87
                      }
                    ],
                    "x": 747.96,
                    "y": 597.19
                  },
                  "start": "none",
                  "stroke": "",
                  "visible": true,
                  "width": 10
                },
                {
                  "appearance": "auto",
                  "end": "none",
                  "fill": "",
                  "flanges": true,
                  "lineVariant": "solid",
                  "name": "pipe_2",
                  "origin": {
                    "connections": [
                      {
                        "connections": [
                          {
                            "x": 96.91,
                            "y": 488.45
                          }
                        ],
                        "x": 96.91,
                        "y": 419.86
                      }
                    ],
                    "x": 625.7,
                    "y": 423.67
                  },
                  "start": "none",
                  "stroke": "",
                  "visible": true,
                  "width": 10
                },
                {
                  "appearance": "auto",
                  "end": "none",
                  "fill": "",
                  "flanges": true,
                  "lineVariant": "solid",
                  "name": "pipe_12",
                  "origin": {
                    "connections": [
                      {
                        "x": 297.49,
                        "y": 577.16
                      },
                      {
                        "x": 370.14,
                        "y": 577.16
                      }
                    ],
                    "x": 356.14,
                    "y": 577.16
                  },
                  "start": "none",
                  "stroke": "",
                  "visible": true,
                  "width": 10
                },
                {
                  "appearance": "auto",
                  "end": "none",
                  "fill": "",
                  "flanges": true,
                  "lineVariant": "solid",
                  "name": "pipe_19",
                  "origin": {
                    "connections": [
                      {
                        "connections": [
                          {
                            "connections": [
                              {
                                "x": 54.34,
                                "y": 575.34
                              },
                              {
                                "connections": [],
                                "x": 96.19,
                                "y": 529.4
                              }
                            ],
                            "x": 96.19,
                            "y": 575.34
                          },
                          {
                            "connections": [
                              {
                                "connections": [
                                  {
                                    "connections": [],
                                    "x": 569.66,
                                    "y": 480.34
                                  }
                                ],
                                "x": 260.66,
                                "y": 480.34
                              }
                            ],
                            "x": 154.16,
                            "y": 480.34
                          }
                        ],
                        "x": 154.16,
                        "y": 575.34
                      }
                    ],
                    "x": 230.18,
                    "y": 575.34
                  },
                  "start": "none",
                  "stroke": "",
                  "visible": true,
                  "width": 10
                },
                {
                  "appearance": "auto",
                  "end": "none",
                  "fill": "",
                  "flanges": true,
                  "lineVariant": "solid",
                  "name": "pipe_18",
                  "origin": {
                    "connections": [
                      {
                        "connections": [
                          {
                            "connections": [
                              {
                                "x": 246.71,
                                "y": 166.18
                              }
                            ],
                            "x": 186.52,
                            "y": 166.18
                          },
                          {
                            "connections": [
                              {
                                "x": 246.71,
                                "y": 351.12
                              }
                            ],
                            "x": 186.52,
                            "y": 351.12
                          }
                        ],
                        "x": 186.52,
                        "y": 247.78
                      }
                    ],
                    "x": 140.57,
                    "y": 247.78
                  },
                  "start": "none",
                  "stroke": "",
                  "visible": true,
                  "width": 10
                }
              ]
            },
            "type": "ia.container.coord"
          }
        ],
        "meta": {
          "name": "flexMainContainer"
        },
        "position": {
          "basis": "700px"
        },
        "props": {
          "direction": "column"
        },
        "type": "ia.container.flex"
      }
    ],
    "meta": {
      "name": "root"
    },
    "props": {
      "direction": "column"
    },
    "type": "ia.container.flex"
  }
}